timestamp_iso,timestamp_bkk,category,candidate,rank,vote_percentage
2026-09-07T08:22:58.105370+07:00,2026-09-07 08:22:58,best-actress,เบคกี้ - รีเบคก้า แพทรีเซีย อาร์มสตรอง,1,38.7
2026-09-07T08:22:58.105370+07:00,2026-09-07 08:22:58,best-actress,ซอนญ่า ศรัณย์ภัทร์ พีเดอร์เซน,2,37.7
2026-09-07T08:22:58.105370+07:00,2026-09-07 08:22:58,best-actress,เมเบิ้ล - สิริวลี สิริวิบูลย์,3,12.3
2026-09-07T08:22:58.105370+07:00,2026-09-07 08:22:58,best-actress,ฝ้าย - พีรญา มะลิซ้อน,4,6.1
2026-09-07T08:22:58.105370+07:00,2026-09-07 08:22:58,best-actress,จินนี่ - ณัฐณิชา ประทีปนาฏศิริ,5,3.1
2026-09-07T08:22:58.105370+07:00,2026-09-07 08:22:58,best-actress,หลิงหลิง - ศิริลักษณ์ คอง,6,2.1
2026-09-07T08:22:58.105370+07:00,2026-09-07 08:22:58,best-series,เสน่หาวาโย,1,46.4
2026-09-07T08:22:58.105370+07:00,2026-09-07 08:22:58,best-series,ด้วงกับเธอ Duang With You Series,2,40.7
2026-09-07T08:22:58.105370+07:00,2026-09-07 08:22:58,best-series,คุณแฟนบ้านนอก Hometown Romance,3,10.5
2026-09-07T08:22:58.105370+07:00,2026-09-07 08:22:58,best-series,เขมจิราต้องรอด,4,1.6
2026-09-07T08:22:58.105370+07:00,2026-09-07 08:22:58,best-series,สิงสาลาตาย Goddess bless you from death,5,0.8
2026-09-07T12:40:10.036438+07:00,2026-09-07 12:40:10,best-actress,เบคกี้ - รีเบคก้า แพทรีเซีย อาร์มสตรอง,1,38.9
2026-09-07T12:40:10.036438+07:00,2026-09-07 12:40:10,best-actress,ซอนญ่า ศรัณย์ภัทร์ พีเดอร์เซน,2,37.5
2026-09-07T12:40:10.036438+07:00,2026-09-07 12:40:10,best-actress,เมเบิ้ล - สิริวลี สิริวิบูลย์,3,12.3
2026-09-07T12:40:10.036438+07:00,2026-09-07 12:40:10,best-actress,ฝ้าย - พีรญา มะลิซ้อน,4,6.1
2026-09-07T12:40:10.036438+07:00,2026-09-07 12:40:10,best-actress,จินนี่ - ณัฐณิชา ประทีปนาฏศิริ,5,3.1
2026-09-07T12:40:10.036438+07:00,2026-09-07 12:40:10,best-actress,หลิงหลิง - ศิริลักษณ์ คอง,6,2.1
2026-09-07T12:40:10.036438+07:00,2026-09-07 12:40:10,best-series,เสน่หาวาโย,1,46.6
2026-09-07T12:40:10.036438+07:00,2026-09-07 12:40:10,best-series,ด้วงกับเธอ Duang With You Series,2,41.3
2026-09-07T12:40:10.036438+07:00,2026-09-07 12:40:10,best-series,คุณแฟนบ้านนอก Hometown Romance,3,9.7
2026-09-07T12:40:10.036438+07:00,2026-09-07 12:40:10,best-series,เขมจิราต้องรอด,4,1.6
2026-09-07T12:40:10.036438+07:00,2026-09-07 12:40:10,best-series,สิงสาลาตาย Goddess bless you from death,5,0.8
2026-09-07T12:55:56.921386+07:00,2026-09-07 12:55:56,best-actress,เบคกี้ - รีเบคก้า แพทรีเซีย อาร์มสตรอง,1,38.9
2026-09-07T12:55:56.921386+07:00,2026-09-07 12:55:56,best-actress,ซอนญ่า ศรัณย์ภัทร์ พีเดอร์เซน,2,37.5
2026-09-07T12:55:56.921386+07:00,2026-09-07 12:55:56,best-actress,เมเบิ้ล - สิริวลี สิริวิบูลย์,3,12.3
2026-09-07T12:55:56.921386+07:00,2026-09-07 12:55:56,best-actress,ฝ้าย - พีรญา มะลิซ้อน,4,6.1
2026-09-07T12:55:56.921386+07:00,2026-09-07 12:55:56,best-actress,จินนี่ - ณัฐณิชา ประทีปนาฏศิริ,5,3.1
2026-09-07T12:55:56.921386+07:00,2026-09-07 12:55:56,best-actress,หลิงหลิง - ศิริลักษณ์ คอง,6,2.1
2026-09-07T12:55:56.921386+07:00,2026-09-07 12:55:56,best-series,เสน่หาวาโย,1,46.6
2026-09-07T12:55:56.921386+07:00,2026-09-07 12:55:56,best-series,ด้วงกับเธอ Duang With You Series,2,41.2
2026-09-07T12:55:56.921386+07:00,2026-09-07 12:55:56,best-series,คุณแฟนบ้านนอก Hometown Romance,3,9.8
2026-09-07T12:55:56.921386+07:00,2026-09-07 12:55:56,best-series,เขมจิราต้องรอด,4,1.6
2026-09-07T12:55:56.921386+07:00,2026-09-07 12:55:56,best-series,สิงสาลาตาย Goddess bless you from death,5,0.8
2026-09-07T13:00:19.421279+07:00,2026-09-07 13:00:19,best-actress,เบคกี้ - รีเบคก้า แพทรีเซีย อาร์มสตรอง,1,38.9
2026-09-07T13:00:19.421279+07:00,2026-09-07 13:00:19,best-actress,ซอนญ่า ศรัณย์ภัทร์ พีเดอร์เซน,2,37.5
2026-09-07T13:00:19.421279+07:00,2026-09-07 13:00:19,best-actress,เมเบิ้ล - สิริวลี สิริวิบูลย์,3,12.3
2026-09-07T13:00:19.421279+07:00,2026-09-07 13:00:19,best-actress,ฝ้าย - พีรญา มะลิซ้อน,4,6.1
2026-09-07T13:00:19.421279+07:00,2026-09-07 13:00:19,best-actress,จินนี่ - ณัฐณิชา ประทีปนาฏศิริ,5,3.1
2026-09-07T13:00:19.421279+07:00,2026-09-07 13:00:19,best-actress,หลิงหลิง - ศิริลักษณ์ คอง,6,2.1
2026-09-07T13:00:19.421279+07:00,2026-09-07 13:00:19,best-series,เสน่หาวาโย,1,46.6
2026-09-07T13:00:19.421279+07:00,2026-09-07 13:00:19,best-series,ด้วงกับเธอ Duang With You Series,2,41.2
2026-09-07T13:00:19.421279+07:00,2026-09-07 13:00:19,best-series,คุณแฟนบ้านนอก Hometown Romance,3,9.8
2026-09-07T13:00:19.421279+07:00,2026-09-07 13:00:19,best-series,เขมจิราต้องรอด,4,1.6
2026-09-07T13:00:19.421279+07:00,2026-09-07 13:00:19,best-series,สิงสาลาตาย Goddess bless you from death,5,0.8
2026-09-08T08:01:27.777990+07:00,2026-09-08 08:01:27,best-actress,เบคกี้ - รีเบคก้า แพทรีเซีย อาร์มสตรอง,1,38.7
2026-09-08T08:01:27.777990+07:00,2026-09-08 08:01:27,best-actress,ซอนญ่า ศรัณย์ภัทร์ พีเดอร์เซน,2,38.5
2026-09-08T08:01:27.777990+07:00,2026-09-08 08:01:27,best-actress,เมเบิ้ล - สิริวลี สิริวิบูลย์,3,11.9
2026-09-08T08:01:27.777990+07:00,2026-09-08 08:01:27,best-actress,ฝ้าย - พีรญา มะลิซ้อน,4,6.0
2026-09-08T08:01:27.777990+07:00,2026-09-08 08:01:27,best-actress,จินนี่ - ณัฐณิชา ประทีปนาฏศิริ,5,2.9
2026-09-08T08:01:27.777990+07:00,2026-09-08 08:01:27,best-actress,หลิงหลิง - ศิริลักษณ์ คอง,6,2.0
2026-09-08T08:01:27.777990+07:00,2026-09-08 08:01:27,best-series,เสน่หาวาโย,1,46.4
2026-09-08T08:01:27.777990+07:00,2026-09-08 08:01:27,best-series,ด้วงกับเธอ Duang With You Series,2,40.5
2026-09-08T08:01:27.777990+07:00,2026-09-08 08:01:27,best-series,คุณแฟนบ้านนอก Hometown Romance,3,10.8
2026-09-08T08:01:27.777990+07:00,2026-09-08 08:01:27,best-series,เขมจิราต้องรอด,4,1.5
2026-09-08T08:01:27.777990+07:00,2026-09-08 08:01:27,best-series,สิงสาลาตาย Goddess bless you from death,5,0.8
2026-09-08T09:08:56.079477+07:00,2026-09-08 09:08:56,best-actress,เบคกี้ - รีเบคก้า แพทรีเซีย อาร์มสตรอง,1,38.7
2026-09-08T09:08:56.079477+07:00,2026-09-08 09:08:56,best-actress,ซอนญ่า ศรัณย์ภัทร์ พีเดอร์เซน,2,38.5
2026-09-08T09:08:56.079477+07:00,2026-09-08 09:08:56,best-actress,เมเบิ้ล - สิริวลี สิริวิบูลย์,3,11.9
2026-09-08T09:08:56.079477+07:00,2026-09-08 09:08:56,best-actress,ฝ้าย - พีรญา มะลิซ้อน,4,6.0
2026-09-08T09:08:56.079477+07:00,2026-09-08 09:08:56,best-actress,จินนี่ - ณัฐณิชา ประทีปนาฏศิริ,5,2.9
2026-09-08T09:08:56.079477+07:00,2026-09-08 09:08:56,best-actress,หลิงหลิง - ศิริลักษณ์ คอง,6,2.0
2026-09-08T09:08:56.079477+07:00,2026-09-08 09:08:56,best-series,เสน่หาวาโย,1,46.4
2026-09-08T09:08:56.079477+07:00,2026-09-08 09:08:56,best-series,ด้วงกับเธอ Duang With You Series,2,40.5
2026-09-08T09:08:56.079477+07:00,2026-09-08 09:08:56,best-series,คุณแฟนบ้านนอก Hometown Romance,3,10.8
2026-09-08T09:08:56.079477+07:00,2026-09-08 09:08:56,best-series,เขมจิราต้องรอด,4,1.5
2026-09-08T09:08:56.079477+07:00,2026-09-08 09:08:56,best-series,สิงสาลาตาย Goddess bless you from death,5,0.8
2026-09-08T21:52:05.524005+07:00,2026-09-08 21:52:05,best-actress,เบคกี้ - รีเบคก้า แพทรีเซีย อาร์มสตรอง,1,39.9
2026-09-08T21:52:05.524005+07:00,2026-09-08 21:52:05,best-actress,ซอนญ่า ศรัณย์ภัทร์ พีเดอร์เซน,2,39.8
2026-09-08T21:52:05.524005+07:00,2026-09-08 21:52:05,best-actress,เมเบิ้ล - สิริวลี สิริวิบูลย์,3,10.6
2026-09-08T21:52:05.524005+07:00,2026-09-08 21:52:05,best-actress,ฝ้าย - พีรญา มะลิซ้อน,4,5.3
2026-09-08T21:52:05.524005+07:00,2026-09-08 21:52:05,best-actress,จินนี่ - ณัฐณิชา ประทีปนาฏศิริ,5,2.6
2026-09-08T21:52:05.524005+07:00,2026-09-08 21:52:05,best-actress,หลิงหลิง - ศิริลักษณ์ คอง,6,1.8
2026-09-08T21:52:05.524005+07:00,2026-09-08 21:52:05,best-series,เสน่หาวาโย,1,46.2
2026-09-08T21:52:05.524005+07:00,2026-09-08 21:52:05,best-series,ด้วงกับเธอ Duang With You Series,2,40.8
2026-09-08T21:52:05.524005+07:00,2026-09-08 21:52:05,best-series,คุณแฟนบ้านนอก Hometown Romance,3,10.8
2026-09-08T21:52:05.524005+07:00,2026-09-08 21:52:05,best-series,เขมจิราต้องรอด,4,1.5
2026-09-08T21:52:05.524005+07:00,2026-09-08 21:52:05,best-series,สิงสาลาตาย Goddess bless you from death,5,0.7
2026-09-08T22:53:43.180900+07:00,2026-09-08 22:53:43,best-actress,ซอนญ่า ศรัณย์ภัทร์ พีเดอร์เซน,1,41.0
2026-09-08T22:53:43.180900+07:00,2026-09-08 22:53:43,best-actress,เบคกี้ - รีเบคก้า แพทรีเซีย อาร์มสตรอง,2,39.2
2026-09-08T22:53:43.180900+07:00,2026-09-08 22:53:43,best-actress,เมเบิ้ล - สิริวลี สิริวิบูลย์,3,10.3
2026-09-08T22:53:43.180900+07:00,2026-09-08 22:53:43,best-actress,ฝ้าย - พีรญา มะลิซ้อน,4,5.2
2026-09-08T22:53:43.180900+07:00,2026-09-08 22:53:43,best-actress,จินนี่ - ณัฐณิชา ประทีปนาฏศิริ,5,2.6
2026-09-08T22:53:43.180900+07:00,2026-09-08 22:53:43,best-actress,หลิงหลิง - ศิริลักษณ์ คอง,6,1.7
2026-09-08T22:53:43.180900+07:00,2026-09-08 22:53:43,best-series,เสน่หาวาโย,1,46.2
2026-09-08T22:53:43.180900+07:00,2026-09-08 22:53:43,best-series,ด้วงกับเธอ Duang With You Series,2,40.8
2026-09-08T22:53:43.180900+07:00,2026-09-08 22:53:43,best-series,คุณแฟนบ้านนอก Hometown Romance,3,10.7
2026-09-08T22:53:43.180900+07:00,2026-09-08 22:53:43,best-series,เขมจิราต้องรอด,4,1.5
2026-09-08T22:53:43.180900+07:00,2026-09-08 22:53:43,best-series,สิงสาลาตาย Goddess bless you from death,5,0.8
2026-09-08T23:54:56.090361+07:00,2026-09-08 23:54:56,best-actress,ซอนญ่า ศรัณย์ภัทร์ พีเดอร์เซน,1,41.0
2026-09-08T23:54:56.090361+07:00,2026-09-08 23:54:56,best-actress,เบคกี้ - รีเบคก้า แพทรีเซีย อาร์มสตรอง,2,39.2
2026-09-08T23:54:56.090361+07:00,2026-09-08 23:54:56,best-actress,เมเบิ้ล - สิริวลี สิริวิบูลย์,3,10.3
2026-09-08T23:54:56.090361+07:00,2026-09-08 23:54:56,best-actress,ฝ้าย - พีรญา มะลิซ้อน,4,5.2
2026-09-08T23:54:56.090361+07:00,2026-09-08 23:54:56,best-actress,จินนี่ - ณัฐณิชา ประทีปนาฏศิริ,5,2.6
2026-09-08T23:54:56.090361+07:00,2026-09-08 23:54:56,best-actress,หลิงหลิง - ศิริลักษณ์ คอง,6,1.7
2026-09-08T23:54:56.090361+07:00,2026-09-08 23:54:56,best-series,เสน่หาวาโย,1,46.2
2026-09-08T23:54:56.090361+07:00,2026-09-08 23:54:56,best-series,ด้วงกับเธอ Duang With You Series,2,40.8
2026-09-08T23:54:56.090361+07:00,2026-09-08 23:54:56,best-series,คุณแฟนบ้านนอก Hometown Romance,3,10.8
2026-09-08T23:54:56.090361+07:00,2026-09-08 23:54:56,best-series,เขมจิราต้องรอด,4,1.5
2026-09-08T23:54:56.090361+07:00,2026-09-08 23:54:56,best-series,สิงสาลาตาย Goddess bless you from death,5,0.7
2026-09-09T09:05:43.032727+07:00,2026-09-09 09:05:43,best-actress,เบคกี้ - รีเบคก้า แพทรีเซีย อาร์มสตรอง,1,40.3
2026-09-09T09:05:43.032727+07:00,2026-09-09 09:05:43,best-actress,ซอนญ่า ศรัณย์ภัทร์ พีเดอร์เซน,2,40.1
2026-09-09T09:05:43.032727+07:00,2026-09-09 09:05:43,best-actress,เมเบิ้ล - สิริวลี สิริวิบูลย์,3,9.7
2026-09-09T09:05:43.032727+07:00,2026-09-09 09:05:43,best-actress,ฝ้าย - พีรญา มะลิซ้อน,4,5.8
2026-09-09T09:05:43.032727+07:00,2026-09-09 09:05:43,best-actress,จินนี่ - ณัฐณิชา ประทีปนาฏศิริ,5,2.4
2026-09-09T09:05:43.032727+07:00,2026-09-09 09:05:43,best-actress,หลิงหลิง - ศิริลักษณ์ คอง,6,1.7
2026-09-09T09:05:43.032727+07:00,2026-09-09 09:05:43,best-series,เสน่หาวาโย,1,45.9
2026-09-09T09:05:43.032727+07:00,2026-09-09 09:05:43,best-series,ด้วงกับเธอ Duang With You Series,2,38.0
2026-09-09T09:05:43.032727+07:00,2026-09-09 09:05:43,best-series,คุณแฟนบ้านนอก Hometown Romance,3,14.0
2026-09-09T09:05:43.032727+07:00,2026-09-09 09:05:43,best-series,เขมจิราต้องรอด,4,1.4
2026-09-09T09:05:43.032727+07:00,2026-09-09 09:05:43,best-series,สิงสาลาตาย Goddess bless you from death,5,0.7
2026-09-09T10:10:05.725082+07:00,2026-09-09 10:10:05,best-actress,ซอนญ่า ศรัณย์ภัทร์ พีเดอร์เซน,1,40.6
2026-09-09T10:10:05.725082+07:00,2026-09-09 10:10:05,best-actress,เบคกี้ - รีเบคก้า แพทรีเซีย อาร์มสตรอง,2,40.0
2026-09-09T10:10:05.725082+07:00,2026-09-09 10:10:05,best-actress,เมเบิ้ล - สิริวลี สิริวิบูลย์,3,9.7
2026-09-09T10:10:05.725082+07:00,2026-09-09 10:10:05,best-actress,ฝ้าย - พีรญา มะลิซ้อน,4,5.7
2026-09-09T10:10:05.725082+07:00,2026-09-09 10:10:05,best-actress,จินนี่ - ณัฐณิชา ประทีปนาฏศิริ,5,2.4
2026-09-09T10:10:05.725082+07:00,2026-09-09 10:10:05,best-actress,หลิงหลิง - ศิริลักษณ์ คอง,6,1.6
2026-09-09T10:10:05.725082+07:00,2026-09-09 10:10:05,best-series,เสน่หาวาโย,1,45.9
2026-09-09T10:10:05.725082+07:00,2026-09-09 10:10:05,best-series,ด้วงกับเธอ Duang With You Series,2,38.0
2026-09-09T10:10:05.725082+07:00,2026-09-09 10:10:05,best-series,คุณแฟนบ้านนอก Hometown Romance,3,14.0
2026-09-09T10:10:05.725082+07:00,2026-09-09 10:10:05,best-series,เขมจิราต้องรอด,4,1.4
2026-09-09T10:10:05.725082+07:00,2026-09-09 10:10:05,best-series,สิงสาลาตาย Goddess bless you from death,5,0.7
2026-09-09T11:11:23.973053+07:00,2026-09-09 11:11:23,best-actress,ซอนญ่า ศรัณย์ภัทร์ พีเดอร์เซน,1,40.6
2026-09-09T11:11:23.973053+07:00,2026-09-09 11:11:23,best-actress,เบคกี้ - รีเบคก้า แพทรีเซีย อาร์มสตรอง,2,40.0
2026-09-09T11:11:23.973053+07:00,2026-09-09 11:11:23,best-actress,เมเบิ้ล - สิริวลี สิริวิบูลย์,3,9.6
2026-09-09T11:11:23.973053+07:00,2026-09-09 11:11:23,best-actress,ฝ้าย - พีรญา มะลิซ้อน,4,5.7
2026-09-09T11:11:23.973053+07:00,2026-09-09 11:11:23,best-actress,จินนี่ - ณัฐณิชา ประทีปนาฏศิริ,5,2.4
2026-09-09T11:11:23.973053+07:00,2026-09-09 11:11:23,best-actress,หลิงหลิง - ศิริลักษณ์ คอง,6,1.7
2026-09-09T11:11:23.973053+07:00,2026-09-09 11:11:23,best-series,เสน่หาวาโย,1,45.9
2026-09-09T11:11:23.973053+07:00,2026-09-09 11:11:23,best-series,ด้วงกับเธอ Duang With You Series,2,37.9
2026-09-09T11:11:23.973053+07:00,2026-09-09 11:11:23,best-series,คุณแฟนบ้านนอก Hometown Romance,3,14.1
2026-09-09T11:11:23.973053+07:00,2026-09-09 11:11:23,best-series,เขมจิราต้องรอด,4,1.4
2026-09-09T11:11:23.973053+07:00,2026-09-09 11:11:23,best-series,สิงสาลาตาย Goddess bless you from death,5,0.7
2026-09-09T12:10:52.636770+07:00,2026-09-09 12:10:52,best-actress,ซอนญ่า ศรัณย์ภัทร์ พีเดอร์เซน,1,40.6
2026-09-09T12:10:52.636770+07:00,2026-09-09 12:10:52,best-actress,เบคกี้ - รีเบคก้า แพทรีเซีย อาร์มสตรอง,2,40.0
2026-09-09T12:10:52.636770+07:00,2026-09-09 12:10:52,best-actress,เมเบิ้ล - สิริวลี สิริวิบูลย์,3,9.6
2026-09-09T12:10:52.636770+07:00,2026-09-09 12:10:52,best-actress,ฝ้าย - พีรญา มะลิซ้อน,4,5.7
2026-09-09T12:10:52.636770+07:00,2026-09-09 12:10:52,best-actress,จินนี่ - ณัฐณิชา ประทีปนาฏศิริ,5,2.4
2026-09-09T12:10:52.636770+07:00,2026-09-09 12:10:52,best-actress,หลิงหลิง - ศิริลักษณ์ คอง,6,1.7
2026-09-09T12:10:52.636770+07:00,2026-09-09 12:10:52,best-series,เสน่หาวาโย,1,45.8
2026-09-09T12:10:52.636770+07:00,2026-09-09 12:10:52,best-series,ด้วงกับเธอ Duang With You Series,2,37.9
2026-09-09T12:10:52.636770+07:00,2026-09-09 12:10:52,best-series,คุณแฟนบ้านนอก Hometown Romance,3,14.2
2026-09-09T12:10:52.636770+07:00,2026-09-09 12:10:52,best-series,เขมจิราต้องรอด,4,1.4
2026-09-09T12:10:52.636770+07:00,2026-09-09 12:10:52,best-series,สิงสาลาตาย Goddess bless you from death,5,0.7
2026-09-09T13:14:45.219610+07:00,2026-09-09 13:14:45,best-actress,ซอนญ่า ศรัณย์ภัทร์ พีเดอร์เซน,1,41.2
2026-09-09T13:14:45.219610+07:00,2026-09-09 13:14:45,best-actress,เบคกี้ - รีเบคก้า แพทรีเซีย อาร์มสตรอง,2,39.7
2026-09-09T13:14:45.219610+07:00,2026-09-09 13:14:45,best-actress,เมเบิ้ล - สิริวลี สิริวิบูลย์,3,9.5
2026-09-09T13:14:45.219610+07:00,2026-09-09 13:14:45,best-actress,ฝ้าย - พีรญา มะลิซ้อน,4,5.6
2026-09-09T13:14:45.219610+07:00,2026-09-09 13:14:45,best-actress,จินนี่ - ณัฐณิชา ประทีปนาฏศิริ,5,2.4
2026-09-09T13:14:45.219610+07:00,2026-09-09 13:14:45,best-actress,หลิงหลิง - ศิริลักษณ์ คอง,6,1.6
2026-09-09T13:14:45.219610+07:00,2026-09-09 13:14:45,best-series,เสน่หาวาโย,1,45.8
2026-09-09T13:14:45.219610+07:00,2026-09-09 13:14:45,best-series,ด้วงกับเธอ Duang With You Series,2,38.1
2026-09-09T13:14:45.219610+07:00,2026-09-09 13:14:45,best-series,คุณแฟนบ้านนอก Hometown Romance,3,14.0
2026-09-09T13:14:45.219610+07:00,2026-09-09 13:14:45,best-series,เขมจิราต้องรอด,4,1.4
2026-09-09T13:14:45.219610+07:00,2026-09-09 13:14:45,best-series,สิงสาลาตาย Goddess bless you from death,5,0.7
2026-09-09T14:12:38.520325+07:00,2026-09-09 14:12:38,best-actress,ซอนญ่า ศรัณย์ภัทร์ พีเดอร์เซน,1,41.2
2026-09-09T14:12:38.520325+07:00,2026-09-09 14:12:38,best-actress,เบคกี้ - รีเบคก้า แพทรีเซีย อาร์มสตรอง,2,39.6
2026-09-09T14:12:38.520325+07:00,2026-09-09 14:12:38,best-actress,เมเบิ้ล - สิริวลี สิริวิบูลย์,3,9.5
2026-09-09T14:12:38.520325+07:00,2026-09-09 14:12:38,best-actress,ฝ้าย - พีรญา มะลิซ้อน,4,5.7
2026-09-09T14:12:38.520325+07:00,2026-09-09 14:12:38,best-actress,จินนี่ - ณัฐณิชา ประทีปนาฏศิริ,5,2.4
2026-09-09T14:12:38.520325+07:00,2026-09-09 14:12:38,best-actress,หลิงหลิง - ศิริลักษณ์ คอง,6,1.6
2026-09-09T14:12:38.520325+07:00,2026-09-09 14:12:38,best-series,เสน่หาวาโย,1,45.8
2026-09-09T14:12:38.520325+07:00,2026-09-09 14:12:38,best-series,ด้วงกับเธอ Duang With You Series,2,38.1
2026-09-09T14:12:38.520325+07:00,2026-09-09 14:12:38,best-series,คุณแฟนบ้านนอก Hometown Romance,3,14.1
2026-09-09T14:12:38.520325+07:00,2026-09-09 14:12:38,best-series,เขมจิราต้องรอด,4,1.3
2026-09-09T14:12:38.520325+07:00,2026-09-09 14:12:38,best-series,สิงสาลาตาย Goddess bless you from death,5,0.7
2026-09-09T15:12:35.232790+07:00,2026-09-09 15:12:35,best-actress,ซอนญ่า ศรัณย์ภัทร์ พีเดอร์เซน,1,41.2
2026-09-09T15:12:35.232790+07:00,2026-09-09 15:12:35,best-actress,เบคกี้ - รีเบคก้า แพทรีเซีย อาร์มสตรอง,2,39.6
2026-09-09T15:12:35.232790+07:00,2026-09-09 15:12:35,best-actress,เมเบิ้ล - สิริวลี สิริวิบูลย์,3,9.5
2026-09-09T15:12:35.232790+07:00,2026-09-09 15:12:35,best-actress,ฝ้าย - พีรญา มะลิซ้อน,4,5.7
2026-09-09T15:12:35.232790+07:00,2026-09-09 15:12:35,best-actress,จินนี่ - ณัฐณิชา ประทีปนาฏศิริ,5,2.4
2026-09-09T15:12:35.232790+07:00,2026-09-09 15:12:35,best-actress,หลิงหลิง - ศิริลักษณ์ คอง,6,1.6
2026-09-09T15:12:35.232790+07:00,2026-09-09 15:12:35,best-series,เสน่หาวาโย,1,45.8
2026-09-09T15:12:35.232790+07:00,2026-09-09 15:12:35,best-series,ด้วงกับเธอ Duang With You Series,2,38.1
2026-09-09T15:12:35.232790+07:00,2026-09-09 15:12:35,best-series,คุณแฟนบ้านนอก Hometown Romance,3,14.1
2026-09-09T15:12:35.232790+07:00,2026-09-09 15:12:35,best-series,เขมจิราต้องรอด,4,1.3
2026-09-09T15:12:35.232790+07:00,2026-09-09 15:12:35,best-series,สิงสาลาตาย Goddess bless you from death,5,0.7
2026-09-09T16:11:39.395134+07:00,2026-09-09 16:11:39,best-actress,ซอนญ่า ศรัณย์ภัทร์ พีเดอร์เซน,1,41.2
2026-09-09T16:11:39.395134+07:00,2026-09-09 16:11:39,best-actress,เบคกี้ - รีเบคก้า แพทรีเซีย อาร์มสตรอง,2,39.6
2026-09-09T16:11:39.395134+07:00,2026-09-09 16:11:39,best-actress,เมเบิ้ล - สิริวลี สิริวิบูลย์,3,9.5
2026-09-09T16:11:39.395134+07:00,2026-09-09 16:11:39,best-actress,ฝ้าย - พีรญา มะลิซ้อน,4,5.7
2026-09-09T16:11:39.395134+07:00,2026-09-09 16:11:39,best-actress,จินนี่ - ณัฐณิชา ประทีปนาฏศิริ,5,2.4
2026-09-09T16:11:39.395134+07:00,2026-09-09 16:11:39,best-actress,หลิงหลิง - ศิริลักษณ์ คอง,6,1.6
2026-09-09T16:11:39.395134+07:00,2026-09-09 16:11:39,best-series,เสน่หาวาโย,1,45.7
2026-09-09T16:11:39.395134+07:00,2026-09-09 16:11:39,best-series,ด้วงกับเธอ Duang With You Series,2,38.1
2026-09-09T16:11:39.395134+07:00,2026-09-09 16:11:39,best-series,คุณแฟนบ้านนอก Hometown Romance,3,14.2
2026-09-09T16:11:39.395134+07:00,2026-09-09 16:11:39,best-series,เขมจิราต้องรอด,4,1.3
2026-09-09T16:11:39.395134+07:00,2026-09-09 16:11:39,best-series,สิงสาลาตาย Goddess bless you from death,5,0.7
2026-09-09T17:12:15.100461+07:00,2026-09-09 17:12:15,best-actress,ซอนญ่า ศรัณย์ภัทร์ พีเดอร์เซน,1,41.3
2026-09-09T17:12:15.100461+07:00,2026-09-09 17:12:15,best-actress,เบคกี้ - รีเบคก้า แพทรีเซีย อาร์มสตรอง,2,39.6
2026-09-09T17:12:15.100461+07:00,2026-09-09 17:12:15,best-actress,เมเบิ้ล - สิริวลี สิริวิบูลย์,3,9.5
2026-09-09T17:12:15.100461+07:00,2026-09-09 17:12:15,best-actress,ฝ้าย - พีรญา มะลิซ้อน,4,5.6
2026-09-09T17:12:15.100461+07:00,2026-09-09 17:12:15,best-actress,จินนี่ - ณัฐณิชา ประทีปนาฏศิริ,5,2.4
2026-09-09T17:12:15.100461+07:00,2026-09-09 17:12:15,best-actress,หลิงหลิง - ศิริลักษณ์ คอง,6,1.6
2026-09-09T17:12:15.100461+07:00,2026-09-09 17:12:15,best-series,เสน่หาวาโย,1,45.7
2026-09-09T17:12:15.100461+07:00,2026-09-09 17:12:15,best-series,ด้วงกับเธอ Duang With You Series,2,38.1
2026-09-09T17:12:15.100461+07:00,2026-09-09 17:12:15,best-series,คุณแฟนบ้านนอก Hometown Romance,3,14.2
2026-09-09T17:12:15.100461+07:00,2026-09-09 17:12:15,best-series,เขมจิราต้องรอด,4,1.3
2026-09-09T17:12:15.100461+07:00,2026-09-09 17:12:15,best-series,สิงสาลาตาย Goddess bless you from death,5,0.7
2026-09-09T18:11:16.206802+07:00,2026-09-09 18:11:16,best-actress,ซอนญ่า ศรัณย์ภัทร์ พีเดอร์เซน,1,41.3
2026-09-09T18:11:16.206802+07:00,2026-09-09 18:11:16,best-actress,เบคกี้ - รีเบคก้า แพทรีเซีย อาร์มสตรอง,2,39.6
2026-09-09T18:11:16.206802+07:00,2026-09-09 18:11:16,best-actress,เมเบิ้ล - สิริวลี สิริวิบูลย์,3,9.5
2026-09-09T18:11:16.206802+07:00,2026-09-09 18:11:16,best-actress,ฝ้าย - พีรญา มะลิซ้อน,4,5.6
2026-09-09T18:11:16.206802+07:00,2026-09-09 18:11:16,best-actress,จินนี่ - ณัฐณิชา ประทีปนาฏศิริ,5,2.4
2026-09-09T18:11:16.206802+07:00,2026-09-09 18:11:16,best-actress,หลิงหลิง - ศิริลักษณ์ คอง,6,1.6
2026-09-09T18:11:16.206802+07:00,2026-09-09 18:11:16,best-series,เสน่หาวาโย,1,45.7
2026-09-09T18:11:16.206802+07:00,2026-09-09 18:11:16,best-series,ด้วงกับเธอ Duang With You Series,2,38.0
2026-09-09T18:11:16.206802+07:00,2026-09-09 18:11:16,best-series,คุณแฟนบ้านนอก Hometown Romance,3,14.3
2026-09-09T18:11:16.206802+07:00,2026-09-09 18:11:16,best-series,เขมจิราต้องรอด,4,1.3
2026-09-09T18:11:16.206802+07:00,2026-09-09 18:11:16,best-series,สิงสาลาตาย Goddess bless you from death,5,0.7
2026-09-09T19:14:33.453513+07:00,2026-09-09 19:14:33,best-actress,ซอนญ่า ศรัณย์ภัทร์ พีเดอร์เซน,1,41.4
2026-09-09T19:14:33.453513+07:00,2026-09-09 19:14:33,best-actress,เบคกี้ - รีเบคก้า แพทรีเซีย อาร์มสตรอง,2,39.5
2026-09-09T19:14:33.453513+07:00,2026-09-09 19:14:33,best-actress,เมเบิ้ล - สิริวลี สิริวิบูลย์,3,9.5
2026-09-09T19:14:33.453513+07:00,2026-09-09 19:14:33,best-actress,ฝ้าย - พีรญา มะลิซ้อน,4,5.6
2026-09-09T19:14:33.453513+07:00,2026-09-09 19:14:33,best-actress,จินนี่ - ณัฐณิชา ประทีปนาฏศิริ,5,2.4
2026-09-09T19:14:33.453513+07:00,2026-09-09 19:14:33,best-actress,หลิงหลิง - ศิริลักษณ์ คอง,6,1.6
2026-09-09T19:14:33.453513+07:00,2026-09-09 19:14:33,best-series,เสน่หาวาโย,1,45.7
2026-09-09T19:14:33.453513+07:00,2026-09-09 19:14:33,best-series,ด้วงกับเธอ Duang With You Series,2,38.0
2026-09-09T19:14:33.453513+07:00,2026-09-09 19:14:33,best-series,คุณแฟนบ้านนอก Hometown Romance,3,14.3
2026-09-09T19:14:33.453513+07:00,2026-09-09 19:14:33,best-series,เขมจิราต้องรอด,4,1.3
2026-09-09T19:14:33.453513+07:00,2026-09-09 19:14:33,best-series,สิงสาลาตาย Goddess bless you from death,5,0.7
2026-09-09T20:12:06.009886+07:00,2026-09-09 20:12:06,best-actress,ซอนญ่า ศรัณย์ภัทร์ พีเดอร์เซน,1,41.4
2026-09-09T20:12:06.009886+07:00,2026-09-09 20:12:06,best-actress,เบคกี้ - รีเบคก้า แพทรีเซีย อาร์มสตรอง,2,39.5
2026-09-09T20:12:06.009886+07:00,2026-09-09 20:12:06,best-actress,เมเบิ้ล - สิริวลี สิริวิบูลย์,3,9.5
2026-09-09T20:12:06.009886+07:00,2026-09-09 20:12:06,best-actress,ฝ้าย - พีรญา มะลิซ้อน,4,5.6
2026-09-09T20:12:06.009886+07:00,2026-09-09 20:12:06,best-actress,จินนี่ - ณัฐณิชา ประทีปนาฏศิริ,5,2.4
2026-09-09T20:12:06.009886+07:00,2026-09-09 20:12:06,best-actress,หลิงหลิง - ศิริลักษณ์ คอง,6,1.6
2026-09-09T20:12:06.009886+07:00,2026-09-09 20:12:06,best-series,เสน่หาวาโย,1,45.7
2026-09-09T20:12:06.009886+07:00,2026-09-09 20:12:06,best-series,ด้วงกับเธอ Duang With You Series,2,38.0
2026-09-09T20:12:06.009886+07:00,2026-09-09 20:12:06,best-series,คุณแฟนบ้านนอก Hometown Romance,3,14.3
2026-09-09T20:12:06.009886+07:00,2026-09-09 20:12:06,best-series,เขมจิราต้องรอด,4,1.3
2026-09-09T20:12:06.009886+07:00,2026-09-09 20:12:06,best-series,สิงสาลาตาย Goddess bless you from death,5,0.7
2026-09-09T21:12:05.927188+07:00,2026-09-09 21:12:05,best-actress,ซอนญ่า ศรัณย์ภัทร์ พีเดอร์เซน,1,41.5
2026-09-09T21:12:05.927188+07:00,2026-09-09 21:12:05,best-actress,เบคกี้ - รีเบคก้า แพทรีเซีย อาร์มสตรอง,2,39.5
2026-09-09T21:12:05.927188+07:00,2026-09-09 21:12:05,best-actress,เมเบิ้ล - สิริวลี สิริวิบูลย์,3,9.5
2026-09-09T21:12:05.927188+07:00,2026-09-09 21:12:05,best-actress,ฝ้าย - พีรญา มะลิซ้อน,4,5.6
2026-09-09T21:12:05.927188+07:00,2026-09-09 21:12:05,best-actress,จินนี่ - ณัฐณิชา ประทีปนาฏศิริ,5,2.3
2026-09-09T21:12:05.927188+07:00,2026-09-09 21:12:05,best-actress,หลิงหลิง - ศิริลักษณ์ คอง,6,1.6
2026-09-09T21:12:05.927188+07:00,2026-09-09 21:12:05,best-series,เสน่หาวาโย,1,45.6
2026-09-09T21:12:05.927188+07:00,2026-09-09 21:12:05,best-series,ด้วงกับเธอ Duang With You Series,2,38.0
2026-09-09T21:12:05.927188+07:00,2026-09-09 21:12:05,best-series,คุณแฟนบ้านนอก Hometown Romance,3,14.4
2026-09-09T21:12:05.927188+07:00,2026-09-09 21:12:05,best-series,เขมจิราต้องรอด,4,1.3
2026-09-09T21:12:05.927188+07:00,2026-09-09 21:12:05,best-series,สิงสาลาตาย Goddess bless you from death,5,0.7
2026-09-09T22:11:14.152698+07:00,2026-09-09 22:11:14,best-actress,ซอนญ่า ศรัณย์ภัทร์ พีเดอร์เซน,1,42.0
2026-09-09T22:11:14.152698+07:00,2026-09-09 22:11:14,best-actress,เบคกี้ - รีเบคก้า แพทรีเซีย อาร์มสตรอง,2,39.1
2026-09-09T22:11:14.152698+07:00,2026-09-09 22:11:14,best-actress,เมเบิ้ล - สิริวลี สิริวิบูลย์,3,9.4
2026-09-09T22:11:14.152698+07:00,2026-09-09 22:11:14,best-actress,ฝ้าย - พีรญา มะลิซ้อน,4,5.6
2026-09-09T22:11:14.152698+07:00,2026-09-09 22:11:14,best-actress,จินนี่ - ณัฐณิชา ประทีปนาฏศิริ,5,2.3
2026-09-09T22:11:14.152698+07:00,2026-09-09 22:11:14,best-actress,หลิงหลิง - ศิริลักษณ์ คอง,6,1.6
2026-09-09T22:11:14.152698+07:00,2026-09-09 22:11:14,best-series,เสน่หาวาโย,1,45.6
2026-09-09T22:11:14.152698+07:00,2026-09-09 22:11:14,best-series,ด้วงกับเธอ Duang With You Series,2,38.0
2026-09-09T22:11:14.152698+07:00,2026-09-09 22:11:14,best-series,คุณแฟนบ้านนอก Hometown Romance,3,14.4
2026-09-09T22:11:14.152698+07:00,2026-09-09 22:11:14,best-series,เขมจิราต้องรอด,4,1.3
2026-09-09T22:11:14.152698+07:00,2026-09-09 22:11:14,best-series,สิงสาลาตาย Goddess bless you from death,5,0.7
2026-09-09T23:12:06.719167+07:00,2026-09-09 23:12:06,best-actress,ซอนญ่า ศรัณย์ภัทร์ พีเดอร์เซน,1,42.0
2026-09-09T23:12:06.719167+07:00,2026-09-09 23:12:06,best-actress,เบคกี้ - รีเบคก้า แพทรีเซีย อาร์มสตรอง,2,39.1
2026-09-09T23:12:06.719167+07:00,2026-09-09 23:12:06,best-actress,เมเบิ้ล - สิริวลี สิริวิบูลย์,3,9.4
2026-09-09T23:12:06.719167+07:00,2026-09-09 23:12:06,best-actress,ฝ้าย - พีรญา มะลิซ้อน,4,5.6
2026-09-09T23:12:06.719167+07:00,2026-09-09 23:12:06,best-actress,จินนี่ - ณัฐณิชา ประทีปนาฏศิริ,5,2.3
2026-09-09T23:12:06.719167+07:00,2026-09-09 23:12:06,best-actress,หลิงหลิง - ศิริลักษณ์ คอง,6,1.6
2026-09-09T23:12:06.719167+07:00,2026-09-09 23:12:06,best-series,เสน่หาวาโย,1,45.6
2026-09-09T23:12:06.719167+07:00,2026-09-09 23:12:06,best-series,ด้วงกับเธอ Duang With You Series,2,37.9
2026-09-09T23:12:06.719167+07:00,2026-09-09 23:12:06,best-series,คุณแฟนบ้านนอก Hometown Romance,3,14.5
2026-09-09T23:12:06.719167+07:00,2026-09-09 23:12:06,best-series,เขมจิราต้องรอด,4,1.3
2026-09-09T23:12:06.719167+07:00,2026-09-09 23:12:06,best-series,สิงสาลาตาย Goddess bless you from death,5,0.7
2026-09-10T00:10:33.733375+07:00,2026-09-10 00:10:33,best-actress,ซอนญ่า ศรัณย์ภัทร์ พีเดอร์เซน,1,42.0
2026-09-10T00:10:33.733375+07:00,2026-09-10 00:10:33,best-actress,เบคกี้ - รีเบคก้า แพทรีเซีย อาร์มสตรอง,2,39.1
2026-09-10T00:10:33.733375+07:00,2026-09-10 00:10:33,best-actress,เมเบิ้ล - สิริวลี สิริวิบูลย์,3,9.4
2026-09-10T00:10:33.733375+07:00,2026-09-10 00:10:33,best-actress,ฝ้าย - พีรญา มะลิซ้อน,4,5.6
2026-09-10T00:10:33.733375+07:00,2026-09-10 00:10:33,best-actress,จินนี่ - ณัฐณิชา ประทีปนาฏศิริ,5,2.3
2026-09-10T00:10:33.733375+07:00,2026-09-10 00:10:33,best-actress,หลิงหลิง - ศิริลักษณ์ คอง,6,1.6
2026-09-10T00:10:33.733375+07:00,2026-09-10 00:10:33,best-series,เสน่หาวาโย,1,45.1
2026-09-10T00:10:33.733375+07:00,2026-09-10 00:10:33,best-series,ด้วงกับเธอ Duang With You Series,2,37.5
2026-09-10T00:10:33.733375+07:00,2026-09-10 00:10:33,best-series,คุณแฟนบ้านนอก Hometown Romance,3,15.4
2026-09-10T00:10:33.733375+07:00,2026-09-10 00:10:33,best-series,เขมจิราต้องรอด,4,1.3
2026-09-10T00:10:33.733375+07:00,2026-09-10 00:10:33,best-series,สิงสาลาตาย Goddess bless you from death,5,0.7
2026-09-10T01:14:27.191186+07:00,2026-09-10 01:14:27,best-actress,ซอนญ่า ศรัณย์ภัทร์ พีเดอร์เซน,1,42.0
2026-09-10T01:14:27.191186+07:00,2026-09-10 01:14:27,best-actress,เบคกี้ - รีเบคก้า แพทรีเซีย อาร์มสตรอง,2,39.1
2026-09-10T01:14:27.191186+07:00,2026-09-10 01:14:27,best-actress,เมเบิ้ล - สิริวลี สิริวิบูลย์,3,9.4
2026-09-10T01:14:27.191186+07:00,2026-09-10 01:14:27,best-actress,ฝ้าย - พีรญา มะลิซ้อน,4,5.6
2026-09-10T01:14:27.191186+07:00,2026-09-10 01:14:27,best-actress,จินนี่ - ณัฐณิชา ประทีปนาฏศิริ,5,2.3
2026-09-10T01:14:27.191186+07:00,2026-09-10 01:14:27,best-actress,หลิงหลิง - ศิริลักษณ์ คอง,6,1.6
2026-09-10T01:14:27.191186+07:00,2026-09-10 01:14:27,best-series,เสน่หาวาโย,1,45.1
2026-09-10T01:14:27.191186+07:00,2026-09-10 01:14:27,best-series,ด้วงกับเธอ Duang With You Series,2,37.5
2026-09-10T01:14:27.191186+07:00,2026-09-10 01:14:27,best-series,คุณแฟนบ้านนอก Hometown Romance,3,15.4
2026-09-10T01:14:27.191186+07:00,2026-09-10 01:14:27,best-series,เขมจิราต้องรอด,4,1.3
2026-09-10T01:14:27.191186+07:00,2026-09-10 01:14:27,best-series,สิงสาลาตาย Goddess bless you from death,5,0.7
2026-09-10T02:10:28.272431+07:00,2026-09-10 02:10:28,best-actress,ซอนญ่า ศรัณย์ภัทร์ พีเดอร์เซน,1,42.1
2026-09-10T02:10:28.272431+07:00,2026-09-10 02:10:28,best-actress,เบคกี้ - รีเบคก้า แพทรีเซีย อาร์มสตรอง,2,39.1
2026-09-10T02:10:28.272431+07:00,2026-09-10 02:10:28,best-actress,เมเบิ้ล - สิริวลี สิริวิบูลย์,3,9.4
2026-09-10T02:10:28.272431+07:00,2026-09-10 02:10:28,best-actress,ฝ้าย - พีรญา มะลิซ้อน,4,5.5
2026-09-10T02:10:28.272431+07:00,2026-09-10 02:10:28,best-actress,จินนี่ - ณัฐณิชา ประทีปนาฏศิริ,5,2.3
2026-09-10T02:10:28.272431+07:00,2026-09-10 02:10:28,best-actress,หลิงหลิง - ศิริลักษณ์ คอง,6,1.6
2026-09-10T02:10:28.272431+07:00,2026-09-10 02:10:28,best-series,เสน่หาวาโย,1,45.0
2026-09-10T02:10:28.272431+07:00,2026-09-10 02:10:28,best-series,ด้วงกับเธอ Duang With You Series,2,37.5
2026-09-10T02:10:28.272431+07:00,2026-09-10 02:10:28,best-series,คุณแฟนบ้านนอก Hometown Romance,3,15.5
2026-09-10T02:10:28.272431+07:00,2026-09-10 02:10:28,best-series,เขมจิราต้องรอด,4,1.3
2026-09-10T02:10:28.272431+07:00,2026-09-10 02:10:28,best-series,สิงสาลาตาย Goddess bless you from death,5,0.7
2026-09-10T03:11:50.881817+07:00,2026-09-10 03:11:50,best-actress,ซอนญ่า ศรัณย์ภัทร์ พีเดอร์เซน,1,42.1
2026-09-10T03:11:50.881817+07:00,2026-09-10 03:11:50,best-actress,เบคกี้ - รีเบคก้า แพทรีเซีย อาร์มสตรอง,2,39.1
2026-09-10T03:11:50.881817+07:00,2026-09-10 03:11:50,best-actress,เมเบิ้ล - สิริวลี สิริวิบูลย์,3,9.4
2026-09-10T03:11:50.881817+07:00,2026-09-10 03:11:50,best-actress,ฝ้าย - พีรญา มะลิซ้อน,4,5.5
2026-09-10T03:11:50.881817+07:00,2026-09-10 03:11:50,best-actress,จินนี่ - ณัฐณิชา ประทีปนาฏศิริ,5,2.3
2026-09-10T03:11:50.881817+07:00,2026-09-10 03:11:50,best-actress,หลิงหลิง - ศิริลักษณ์ คอง,6,1.6
2026-09-10T03:11:50.881817+07:00,2026-09-10 03:11:50,best-series,เสน่หาวาโย,1,45.0
2026-09-10T03:11:50.881817+07:00,2026-09-10 03:11:50,best-series,ด้วงกับเธอ Duang With You Series,2,37.4
2026-09-10T03:11:50.881817+07:00,2026-09-10 03:11:50,best-series,คุณแฟนบ้านนอก Hometown Romance,3,15.6
2026-09-10T03:11:50.881817+07:00,2026-09-10 03:11:50,best-series,เขมจิราต้องรอด,4,1.3
2026-09-10T03:11:50.881817+07:00,2026-09-10 03:11:50,best-series,สิงสาลาตาย Goddess bless you from death,5,0.7
2026-09-10T04:10:27.681189+07:00,2026-09-10 04:10:27,best-actress,ซอนญ่า ศรัณย์ภัทร์ พีเดอร์เซน,1,42.2
2026-09-10T04:10:27.681189+07:00,2026-09-10 04:10:27,best-actress,เบคกี้ - รีเบคก้า แพทรีเซีย อาร์มสตรอง,2,39.0
2026-09-10T04:10:27.681189+07:00,2026-09-10 04:10:27,best-actress,เมเบิ้ล - สิริวลี สิริวิบูลย์,3,9.3
2026-09-10T04:10:27.681189+07:00,2026-09-10 04:10:27,best-actress,ฝ้าย - พีรญา มะลิซ้อน,4,5.6
2026-09-10T04:10:27.681189+07:00,2026-09-10 04:10:27,best-actress,จินนี่ - ณัฐณิชา ประทีปนาฏศิริ,5,2.3
2026-09-10T04:10:27.681189+07:00,2026-09-10 04:10:27,best-actress,หลิงหลิง - ศิริลักษณ์ คอง,6,1.6
2026-09-10T04:10:27.681189+07:00,2026-09-10 04:10:27,best-series,เสน่หาวาโย,1,45.0
2026-09-10T04:10:27.681189+07:00,2026-09-10 04:10:27,best-series,ด้วงกับเธอ Duang With You Series,2,37.4
2026-09-10T04:10:27.681189+07:00,2026-09-10 04:10:27,best-series,คุณแฟนบ้านนอก Hometown Romance,3,15.7
2026-09-10T04:10:27.681189+07:00,2026-09-10 04:10:27,best-series,เขมจิราต้องรอด,4,1.3
2026-09-10T04:10:27.681189+07:00,2026-09-10 04:10:27,best-series,สิงสาลาตาย Goddess bless you from death,5,0.6
2026-09-10T05:10:39.073340+07:00,2026-09-10 05:10:39,best-actress,ซอนญ่า ศรัณย์ภัทร์ พีเดอร์เซน,1,42.2
2026-09-10T05:10:39.073340+07:00,2026-09-10 05:10:39,best-actress,เบคกี้ - รีเบคก้า แพทรีเซีย อาร์มสตรอง,2,39.0
2026-09-10T05:10:39.073340+07:00,2026-09-10 05:10:39,best-actress,เมเบิ้ล - สิริวลี สิริวิบูลย์,3,9.3
2026-09-10T05:10:39.073340+07:00,2026-09-10 05:10:39,best-actress,ฝ้าย - พีรญา มะลิซ้อน,4,5.6
2026-09-10T05:10:39.073340+07:00,2026-09-10 05:10:39,best-actress,จินนี่ - ณัฐณิชา ประทีปนาฏศิริ,5,2.3
2026-09-10T05:10:39.073340+07:00,2026-09-10 05:10:39,best-actress,หลิงหลิง - ศิริลักษณ์ คอง,6,1.6
2026-09-10T05:10:39.073340+07:00,2026-09-10 05:10:39,best-series,เสน่หาวาโย,1,44.9
2026-09-10T05:10:39.073340+07:00,2026-09-10 05:10:39,best-series,ด้วงกับเธอ Duang With You Series,2,37.4
2026-09-10T05:10:39.073340+07:00,2026-09-10 05:10:39,best-series,คุณแฟนบ้านนอก Hometown Romance,3,15.7
2026-09-10T05:10:39.073340+07:00,2026-09-10 05:10:39,best-series,เขมจิราต้องรอด,4,1.3
2026-09-10T05:10:39.073340+07:00,2026-09-10 05:10:39,best-series,สิงสาลาตาย Goddess bless you from death,5,0.7
2026-09-10T06:10:19.036792+07:00,2026-09-10 06:10:19,best-actress,ซอนญ่า ศรัณย์ภัทร์ พีเดอร์เซน,1,42.2
2026-09-10T06:10:19.036792+07:00,2026-09-10 06:10:19,best-actress,เบคกี้ - รีเบคก้า แพทรีเซีย อาร์มสตรอง,2,39.0
2026-09-10T06:10:19.036792+07:00,2026-09-10 06:10:19,best-actress,เมเบิ้ล - สิริวลี สิริวิบูลย์,3,9.3
2026-09-10T06:10:19.036792+07:00,2026-09-10 06:10:19,best-actress,ฝ้าย - พีรญา มะลิซ้อน,4,5.6
2026-09-10T06:10:19.036792+07:00,2026-09-10 06:10:19,best-actress,จินนี่ - ณัฐณิชา ประทีปนาฏศิริ,5,2.3
2026-09-10T06:10:19.036792+07:00,2026-09-10 06:10:19,best-actress,หลิงหลิง - ศิริลักษณ์ คอง,6,1.6
2026-09-10T06:10:19.036792+07:00,2026-09-10 06:10:19,best-series,เสน่หาวาโย,1,44.9
2026-09-10T06:10:19.036792+07:00,2026-09-10 06:10:19,best-series,ด้วงกับเธอ Duang With You Series,2,37.3
2026-09-10T06:10:19.036792+07:00,2026-09-10 06:10:19,best-series,คุณแฟนบ้านนอก Hometown Romance,3,15.8
2026-09-10T06:10:19.036792+07:00,2026-09-10 06:10:19,best-series,เขมจิราต้องรอด,4,1.3
2026-09-10T06:10:19.036792+07:00,2026-09-10 06:10:19,best-series,สิงสาลาตาย Goddess bless you from death,5,0.7
2026-09-10T07:15:16.021505+07:00,2026-09-10 07:15:16,best-actress,ซอนญ่า ศรัณย์ภัทร์ พีเดอร์เซน,1,42.2
2026-09-10T07:15:16.021505+07:00,2026-09-10 07:15:16,best-actress,เบคกี้ - รีเบคก้า แพทรีเซีย อาร์มสตรอง,2,39.0
2026-09-10T07:15:16.021505+07:00,2026-09-10 07:15:16,best-actress,เมเบิ้ล - สิริวลี สิริวิบูลย์,3,9.3
2026-09-10T07:15:16.021505+07:00,2026-09-10 07:15:16,best-actress,ฝ้าย - พีรญา มะลิซ้อน,4,5.6
2026-09-10T07:15:16.021505+07:00,2026-09-10 07:15:16,best-actress,จินนี่ - ณัฐณิชา ประทีปนาฏศิริ,5,2.3
2026-09-10T07:15:16.021505+07:00,2026-09-10 07:15:16,best-actress,หลิงหลิง - ศิริลักษณ์ คอง,6,1.6
2026-09-10T07:15:16.021505+07:00,2026-09-10 07:15:16,best-series,เสน่หาวาโย,1,44.9
2026-09-10T07:15:16.021505+07:00,2026-09-10 07:15:16,best-series,ด้วงกับเธอ Duang With You Series,2,37.3
2026-09-10T07:15:16.021505+07:00,2026-09-10 07:15:16,best-series,คุณแฟนบ้านนอก Hometown Romance,3,15.9
2026-09-10T07:15:16.021505+07:00,2026-09-10 07:15:16,best-series,เขมจิราต้องรอด,4,1.3
2026-09-10T07:15:16.021505+07:00,2026-09-10 07:15:16,best-series,สิงสาลาตาย Goddess bless you from death,5,0.6
2026-09-10T08:10:52.141802+07:00,2026-09-10 08:10:52,best-actress,ซอนญ่า ศรัณย์ภัทร์ พีเดอร์เซน,1,42.7
2026-09-10T08:10:52.141802+07:00,2026-09-10 08:10:52,best-actress,เบคกี้ - รีเบคก้า แพทรีเซีย อาร์มสตรอง,2,38.7
2026-09-10T08:10:52.141802+07:00,2026-09-10 08:10:52,best-actress,เมเบิ้ล - สิริวลี สิริวิบูลย์,3,9.2
2026-09-10T08:10:52.141802+07:00,2026-09-10 08:10:52,best-actress,ฝ้าย - พีรญา มะลิซ้อน,4,5.5
2026-09-10T08:10:52.141802+07:00,2026-09-10 08:10:52,best-actress,จินนี่ - ณัฐณิชา ประทีปนาฏศิริ,5,2.3
2026-09-10T08:10:52.141802+07:00,2026-09-10 08:10:52,best-actress,หลิงหลิง - ศิริลักษณ์ คอง,6,1.6
2026-09-10T08:10:52.141802+07:00,2026-09-10 08:10:52,best-series,เสน่หาวาโย,1,44.9
2026-09-10T08:10:52.141802+07:00,2026-09-10 08:10:52,best-series,ด้วงกับเธอ Duang With You Series,2,37.3
2026-09-10T08:10:52.141802+07:00,2026-09-10 08:10:52,best-series,คุณแฟนบ้านนอก Hometown Romance,3,15.9
2026-09-10T08:10:52.141802+07:00,2026-09-10 08:10:52,best-series,เขมจิราต้องรอด,4,1.3
2026-09-10T08:10:52.141802+07:00,2026-09-10 08:10:52,best-series,สิงสาลาตาย Goddess bless you from death,5,0.6
2026-09-10T09:11:49.813288+07:00,2026-09-10 09:11:49,best-actress,ซอนญ่า ศรัณย์ภัทร์ พีเดอร์เซน,1,42.7
2026-09-10T09:11:49.813288+07:00,2026-09-10 09:11:49,best-actress,เบคกี้ - รีเบคก้า แพทรีเซีย อาร์มสตรอง,2,38.7
2026-09-10T09:11:49.813288+07:00,2026-09-10 09:11:49,best-actress,เมเบิ้ล - สิริวลี สิริวิบูลย์,3,9.2
2026-09-10T09:11:49.813288+07:00,2026-09-10 09:11:49,best-actress,ฝ้าย - พีรญา มะลิซ้อน,4,5.5
2026-09-10T09:11:49.813288+07:00,2026-09-10 09:11:49,best-actress,จินนี่ - ณัฐณิชา ประทีปนาฏศิริ,5,2.3
2026-09-10T09:11:49.813288+07:00,2026-09-10 09:11:49,best-actress,หลิงหลิง - ศิริลักษณ์ คอง,6,1.6
2026-09-10T09:11:49.813288+07:00,2026-09-10 09:11:49,best-series,เสน่หาวาโย,1,44.8
2026-09-10T09:11:49.813288+07:00,2026-09-10 09:11:49,best-series,ด้วงกับเธอ Duang With You Series,2,37.2
2026-09-10T09:11:49.813288+07:00,2026-09-10 09:11:49,best-series,คุณแฟนบ้านนอก Hometown Romance,3,16.0
2026-09-10T09:11:49.813288+07:00,2026-09-10 09:11:49,best-series,เขมจิราต้องรอด,4,1.3
2026-09-10T09:11:49.813288+07:00,2026-09-10 09:11:49,best-series,สิงสาลาตาย Goddess bless you from death,5,0.7
2026-09-10T10:11:35.256665+07:00,2026-09-10 10:11:35,best-actress,ซอนญ่า ศรัณย์ภัทร์ พีเดอร์เซน,1,42.7
2026-09-10T10:11:35.256665+07:00,2026-09-10 10:11:35,best-actress,เบคกี้ - รีเบคก้า แพทรีเซีย อาร์มสตรอง,2,38.7
2026-09-10T10:11:35.256665+07:00,2026-09-10 10:11:35,best-actress,เมเบิ้ล - สิริวลี สิริวิบูลย์,3,9.2
2026-09-10T10:11:35.256665+07:00,2026-09-10 10:11:35,best-actress,ฝ้าย - พีรญา มะลิซ้อน,4,5.5
2026-09-10T10:11:35.256665+07:00,2026-09-10 10:11:35,best-actress,จินนี่ - ณัฐณิชา ประทีปนาฏศิริ,5,2.3
2026-09-10T10:11:35.256665+07:00,2026-09-10 10:11:35,best-actress,หลิงหลิง - ศิริลักษณ์ คอง,6,1.6
2026-09-10T10:11:35.256665+07:00,2026-09-10 10:11:35,best-series,เสน่หาวาโย,1,44.8
2026-09-10T10:11:35.256665+07:00,2026-09-10 10:11:35,best-series,ด้วงกับเธอ Duang With You Series,2,37.2
2026-09-10T10:11:35.256665+07:00,2026-09-10 10:11:35,best-series,คุณแฟนบ้านนอก Hometown Romance,3,16.1
2026-09-10T10:11:35.256665+07:00,2026-09-10 10:11:35,best-series,เขมจิราต้องรอด,4,1.3
2026-09-10T10:11:35.256665+07:00,2026-09-10 10:11:35,best-series,สิงสาลาตาย Goddess bless you from death,5,0.6
2026-09-10T11:11:27.807897+07:00,2026-09-10 11:11:27,best-actress,ซอนญ่า ศรัณย์ภัทร์ พีเดอร์เซน,1,42.7
2026-09-10T11:11:27.807897+07:00,2026-09-10 11:11:27,best-actress,เบคกี้ - รีเบคก้า แพทรีเซีย อาร์มสตรอง,2,38.7
2026-09-10T11:11:27.807897+07:00,2026-09-10 11:11:27,best-actress,เมเบิ้ล - สิริวลี สิริวิบูลย์,3,9.2
2026-09-10T11:11:27.807897+07:00,2026-09-10 11:11:27,best-actress,ฝ้าย - พีรญา มะลิซ้อน,4,5.5
2026-09-10T11:11:27.807897+07:00,2026-09-10 11:11:27,best-actress,จินนี่ - ณัฐณิชา ประทีปนาฏศิริ,5,2.3
2026-09-10T11:11:27.807897+07:00,2026-09-10 11:11:27,best-actress,หลิงหลิง - ศิริลักษณ์ คอง,6,1.6
2026-09-10T11:11:27.807897+07:00,2026-09-10 11:11:27,best-series,เสน่หาวาโย,1,44.8
2026-09-10T11:11:27.807897+07:00,2026-09-10 11:11:27,best-series,ด้วงกับเธอ Duang With You Series,2,37.2
2026-09-10T11:11:27.807897+07:00,2026-09-10 11:11:27,best-series,คุณแฟนบ้านนอก Hometown Romance,3,16.1
2026-09-10T11:11:27.807897+07:00,2026-09-10 11:11:27,best-series,เขมจิราต้องรอด,4,1.3
2026-09-10T11:11:27.807897+07:00,2026-09-10 11:11:27,best-series,สิงสาลาตาย Goddess bless you from death,5,0.6
2026-09-10T12:10:44.206352+07:00,2026-09-10 12:10:44,best-actress,ซอนญ่า ศรัณย์ภัทร์ พีเดอร์เซน,1,42.7
2026-09-10T12:10:44.206352+07:00,2026-09-10 12:10:44,best-actress,เบคกี้ - รีเบคก้า แพทรีเซีย อาร์มสตรอง,2,38.7
2026-09-10T12:10:44.206352+07:00,2026-09-10 12:10:44,best-actress,เมเบิ้ล - สิริวลี สิริวิบูลย์,3,9.2
2026-09-10T12:10:44.206352+07:00,2026-09-10 12:10:44,best-actress,ฝ้าย - พีรญา มะลิซ้อน,4,5.5
2026-09-10T12:10:44.206352+07:00,2026-09-10 12:10:44,best-actress,จินนี่ - ณัฐณิชา ประทีปนาฏศิริ,5,2.3
2026-09-10T12:10:44.206352+07:00,2026-09-10 12:10:44,best-actress,หลิงหลิง - ศิริลักษณ์ คอง,6,1.6
2026-09-10T12:10:44.206352+07:00,2026-09-10 12:10:44,best-series,เสน่หาวาโย,1,44.7
2026-09-10T12:10:44.206352+07:00,2026-09-10 12:10:44,best-series,ด้วงกับเธอ Duang With You Series,2,37.2
2026-09-10T12:10:44.206352+07:00,2026-09-10 12:10:44,best-series,คุณแฟนบ้านนอก Hometown Romance,3,16.2
2026-09-10T12:10:44.206352+07:00,2026-09-10 12:10:44,best-series,เขมจิราต้องรอด,4,1.3
2026-09-10T12:10:44.206352+07:00,2026-09-10 12:10:44,best-series,สิงสาลาตาย Goddess bless you from death,5,0.6
2026-09-10T13:16:13.144824+07:00,2026-09-10 13:16:13,best-actress,ซอนญ่า ศรัณย์ภัทร์ พีเดอร์เซน,1,42.7
2026-09-10T13:16:13.144824+07:00,2026-09-10 13:16:13,best-actress,เบคกี้ - รีเบคก้า แพทรีเซีย อาร์มสตรอง,2,38.7
2026-09-10T13:16:13.144824+07:00,2026-09-10 13:16:13,best-actress,เมเบิ้ล - สิริวลี สิริวิบูลย์,3,9.2
2026-09-10T13:16:13.144824+07:00,2026-09-10 13:16:13,best-actress,ฝ้าย - พีรญา มะลิซ้อน,4,5.5
2026-09-10T13:16:13.144824+07:00,2026-09-10 13:16:13,best-actress,จินนี่ - ณัฐณิชา ประทีปนาฏศิริ,5,2.3
2026-09-10T13:16:13.144824+07:00,2026-09-10 13:16:13,best-actress,หลิงหลิง - ศิริลักษณ์ คอง,6,1.6
2026-09-10T13:16:13.144824+07:00,2026-09-10 13:16:13,best-series,เสน่หาวาโย,1,44.7
2026-09-10T13:16:13.144824+07:00,2026-09-10 13:16:13,best-series,ด้วงกับเธอ Duang With You Series,2,37.1
2026-09-10T13:16:13.144824+07:00,2026-09-10 13:16:13,best-series,คุณแฟนบ้านนอก Hometown Romance,3,16.3
2026-09-10T13:16:13.144824+07:00,2026-09-10 13:16:13,best-series,เขมจิราต้องรอด,4,1.3
2026-09-10T13:16:13.144824+07:00,2026-09-10 13:16:13,best-series,สิงสาลาตาย Goddess bless you from death,5,0.6
2026-09-10T14:12:45.370531+07:00,2026-09-10 14:12:45,best-actress,ซอนญ่า ศรัณย์ภัทร์ พีเดอร์เซน,1,42.6
2026-09-10T14:12:45.370531+07:00,2026-09-10 14:12:45,best-actress,เบคกี้ - รีเบคก้า แพทรีเซีย อาร์มสตรอง,2,38.8
2026-09-10T14:12:45.370531+07:00,2026-09-10 14:12:45,best-actress,เมเบิ้ล - สิริวลี สิริวิบูลย์,3,9.2
2026-09-10T14:12:45.370531+07:00,2026-09-10 14:12:45,best-actress,ฝ้าย - พีรญา มะลิซ้อน,4,5.5
2026-09-10T14:12:45.370531+07:00,2026-09-10 14:12:45,best-actress,จินนี่ - ณัฐณิชา ประทีปนาฏศิริ,5,2.3
2026-09-10T14:12:45.370531+07:00,2026-09-10 14:12:45,best-actress,หลิงหลิง - ศิริลักษณ์ คอง,6,1.6
2026-09-10T14:12:45.370531+07:00,2026-09-10 14:12:45,best-series,เสน่หาวาโย,1,45.1
2026-09-10T14:12:45.370531+07:00,2026-09-10 14:12:45,best-series,ด้วงกับเธอ Duang With You Series,2,37.6
2026-09-10T14:12:45.370531+07:00,2026-09-10 14:12:45,best-series,คุณแฟนบ้านนอก Hometown Romance,3,15.3
2026-09-10T14:12:45.370531+07:00,2026-09-10 14:12:45,best-series,เขมจิราต้องรอด,4,1.3
2026-09-10T14:12:45.370531+07:00,2026-09-10 14:12:45,best-series,สิงสาลาตาย Goddess bless you from death,5,0.7
2026-09-10T15:12:45.040320+07:00,2026-09-10 15:12:45,best-actress,ซอนญ่า ศรัณย์ภัทร์ พีเดอร์เซน,1,42.6
2026-09-10T15:12:45.040320+07:00,2026-09-10 15:12:45,best-actress,เบคกี้ - รีเบคก้า แพทรีเซีย อาร์มสตรอง,2,38.8
2026-09-10T15:12:45.040320+07:00,2026-09-10 15:12:45,best-actress,เมเบิ้ล - สิริวลี สิริวิบูลย์,3,9.2
2026-09-10T15:12:45.040320+07:00,2026-09-10 15:12:45,best-actress,ฝ้าย - พีรญา มะลิซ้อน,4,5.5
2026-09-10T15:12:45.040320+07:00,2026-09-10 15:12:45,best-actress,จินนี่ - ณัฐณิชา ประทีปนาฏศิริ,5,2.3
2026-09-10T15:12:45.040320+07:00,2026-09-10 15:12:45,best-actress,หลิงหลิง - ศิริลักษณ์ คอง,6,1.6
2026-09-10T15:12:45.040320+07:00,2026-09-10 15:12:45,best-series,เสน่หาวาโย,1,45.0
2026-09-10T15:12:45.040320+07:00,2026-09-10 15:12:45,best-series,ด้วงกับเธอ Duang With You Series,2,37.6
2026-09-10T15:12:45.040320+07:00,2026-09-10 15:12:45,best-series,คุณแฟนบ้านนอก Hometown Romance,3,15.4
2026-09-10T15:12:45.040320+07:00,2026-09-10 15:12:45,best-series,เขมจิราต้องรอด,4,1.3
2026-09-10T15:12:45.040320+07:00,2026-09-10 15:12:45,best-series,สิงสาลาตาย Goddess bless you from death,5,0.7
2026-09-10T16:11:36.264483+07:00,2026-09-10 16:11:36,best-actress,ซอนญ่า ศรัณย์ภัทร์ พีเดอร์เซน,1,42.6
2026-09-10T16:11:36.264483+07:00,2026-09-10 16:11:36,best-actress,เบคกี้ - รีเบคก้า แพทรีเซีย อาร์มสตรอง,2,38.8
2026-09-10T16:11:36.264483+07:00,2026-09-10 16:11:36,best-actress,เมเบิ้ล - สิริวลี สิริวิบูลย์,3,9.2
2026-09-10T16:11:36.264483+07:00,2026-09-10 16:11:36,best-actress,ฝ้าย - พีรญา มะลิซ้อน,4,5.5
2026-09-10T16:11:36.264483+07:00,2026-09-10 16:11:36,best-actress,จินนี่ - ณัฐณิชา ประทีปนาฏศิริ,5,2.3
2026-09-10T16:11:36.264483+07:00,2026-09-10 16:11:36,best-actress,หลิงหลิง - ศิริลักษณ์ คอง,6,1.6
2026-09-10T16:11:36.264483+07:00,2026-09-10 16:11:36,best-series,เสน่หาวาโย,1,45.0
2026-09-10T16:11:36.264483+07:00,2026-09-10 16:11:36,best-series,ด้วงกับเธอ Duang With You Series,2,37.6
2026-09-10T16:11:36.264483+07:00,2026-09-10 16:11:36,best-series,คุณแฟนบ้านนอก Hometown Romance,3,15.4
2026-09-10T16:11:36.264483+07:00,2026-09-10 16:11:36,best-series,เขมจิราต้องรอด,4,1.3
2026-09-10T16:11:36.264483+07:00,2026-09-10 16:11:36,best-series,สิงสาลาตาย Goddess bless you from death,5,0.7
2026-09-10T17:11:46.070134+07:00,2026-09-10 17:11:46,best-actress,ซอนญ่า ศรัณย์ภัทร์ พีเดอร์เซน,1,42.6
2026-09-10T17:11:46.070134+07:00,2026-09-10 17:11:46,best-actress,เบคกี้ - รีเบคก้า แพทรีเซีย อาร์มสตรอง,2,38.8
2026-09-10T17:11:46.070134+07:00,2026-09-10 17:11:46,best-actress,เมเบิ้ล - สิริวลี สิริวิบูลย์,3,9.2
2026-09-10T17:11:46.070134+07:00,2026-09-10 17:11:46,best-actress,ฝ้าย - พีรญา มะลิซ้อน,4,5.5
2026-09-10T17:11:46.070134+07:00,2026-09-10 17:11:46,best-actress,จินนี่ - ณัฐณิชา ประทีปนาฏศิริ,5,2.3
2026-09-10T17:11:46.070134+07:00,2026-09-10 17:11:46,best-actress,หลิงหลิง - ศิริลักษณ์ คอง,6,1.6
2026-09-10T17:11:46.070134+07:00,2026-09-10 17:11:46,best-series,เสน่หาวาโย,1,44.9
2026-09-10T17:11:46.070134+07:00,2026-09-10 17:11:46,best-series,ด้วงกับเธอ Duang With You Series,2,37.5
2026-09-10T17:11:46.070134+07:00,2026-09-10 17:11:46,best-series,คุณแฟนบ้านนอก Hometown Romance,3,15.6
2026-09-10T17:11:46.070134+07:00,2026-09-10 17:11:46,best-series,เขมจิราต้องรอด,4,1.3
2026-09-10T17:11:46.070134+07:00,2026-09-10 17:11:46,best-series,สิงสาลาตาย Goddess bless you from death,5,0.7
2026-09-10T18:11:00.476048+07:00,2026-09-10 18:11:00,best-actress,ซอนญ่า ศรัณย์ภัทร์ พีเดอร์เซน,1,42.6
2026-09-10T18:11:00.476048+07:00,2026-09-10 18:11:00,best-actress,เบคกี้ - รีเบคก้า แพทรีเซีย อาร์มสตรอง,2,38.8
2026-09-10T18:11:00.476048+07:00,2026-09-10 18:11:00,best-actress,เมเบิ้ล - สิริวลี สิริวิบูลย์,3,9.2
2026-09-10T18:11:00.476048+07:00,2026-09-10 18:11:00,best-actress,ฝ้าย - พีรญา มะลิซ้อน,4,5.5
2026-09-10T18:11:00.476048+07:00,2026-09-10 18:11:00,best-actress,จินนี่ - ณัฐณิชา ประทีปนาฏศิริ,5,2.3
2026-09-10T18:11:00.476048+07:00,2026-09-10 18:11:00,best-actress,หลิงหลิง - ศิริลักษณ์ คอง,6,1.6
2026-09-10T18:11:00.476048+07:00,2026-09-10 18:11:00,best-series,เสน่หาวาโย,1,44.9
2026-09-10T18:11:00.476048+07:00,2026-09-10 18:11:00,best-series,ด้วงกับเธอ Duang With You Series,2,37.5
2026-09-10T18:11:00.476048+07:00,2026-09-10 18:11:00,best-series,คุณแฟนบ้านนอก Hometown Romance,3,15.6
2026-09-10T18:11:00.476048+07:00,2026-09-10 18:11:00,best-series,เขมจิราต้องรอด,4,1.3
2026-09-10T18:11:00.476048+07:00,2026-09-10 18:11:00,best-series,สิงสาลาตาย Goddess bless you from death,5,0.7
2026-09-10T19:15:07.735547+07:00,2026-09-10 19:15:07,best-actress,ซอนญ่า ศรัณย์ภัทร์ พีเดอร์เซน,1,42.7
2026-09-10T19:15:07.735547+07:00,2026-09-10 19:15:07,best-actress,เบคกี้ - รีเบคก้า แพทรีเซีย อาร์มสตรอง,2,38.7
2026-09-10T19:15:07.735547+07:00,2026-09-10 19:15:07,best-actress,เมเบิ้ล - สิริวลี สิริวิบูลย์,3,9.2
2026-09-10T19:15:07.735547+07:00,2026-09-10 19:15:07,best-actress,ฝ้าย - พีรญา มะลิซ้อน,4,5.5
2026-09-10T19:15:07.735547+07:00,2026-09-10 19:15:07,best-actress,จินนี่ - ณัฐณิชา ประทีปนาฏศิริ,5,2.3
2026-09-10T19:15:07.735547+07:00,2026-09-10 19:15:07,best-actress,หลิงหลิง - ศิริลักษณ์ คอง,6,1.6
2026-09-10T19:15:07.735547+07:00,2026-09-10 19:15:07,best-series,เสน่หาวาโย,1,44.9
2026-09-10T19:15:07.735547+07:00,2026-09-10 19:15:07,best-series,ด้วงกับเธอ Duang With You Series,2,37.5
2026-09-10T19:15:07.735547+07:00,2026-09-10 19:15:07,best-series,คุณแฟนบ้านนอก Hometown Romance,3,15.7
2026-09-10T19:15:07.735547+07:00,2026-09-10 19:15:07,best-series,เขมจิราต้องรอด,4,1.3
2026-09-10T19:15:07.735547+07:00,2026-09-10 19:15:07,best-series,สิงสาลาตาย Goddess bless you from death,5,0.6
2026-09-10T20:11:43.294773+07:00,2026-09-10 20:11:43,best-actress,ซอนญ่า ศรัณย์ภัทร์ พีเดอร์เซน,1,42.7
2026-09-10T20:11:43.294773+07:00,2026-09-10 20:11:43,best-actress,เบคกี้ - รีเบคก้า แพทรีเซีย อาร์มสตรอง,2,38.7
2026-09-10T20:11:43.294773+07:00,2026-09-10 20:11:43,best-actress,เมเบิ้ล - สิริวลี สิริวิบูลย์,3,9.2
2026-09-10T20:11:43.294773+07:00,2026-09-10 20:11:43,best-actress,ฝ้าย - พีรญา มะลิซ้อน,4,5.5
2026-09-10T20:11:43.294773+07:00,2026-09-10 20:11:43,best-actress,จินนี่ - ณัฐณิชา ประทีปนาฏศิริ,5,2.3
2026-09-10T20:11:43.294773+07:00,2026-09-10 20:11:43,best-actress,หลิงหลิง - ศิริลักษณ์ คอง,6,1.6
2026-09-10T20:11:43.294773+07:00,2026-09-10 20:11:43,best-series,เสน่หาวาโย,1,44.8
2026-09-10T20:11:43.294773+07:00,2026-09-10 20:11:43,best-series,ด้วงกับเธอ Duang With You Series,2,37.4
2026-09-10T20:11:43.294773+07:00,2026-09-10 20:11:43,best-series,คุณแฟนบ้านนอก Hometown Romance,3,15.8
2026-09-10T20:11:43.294773+07:00,2026-09-10 20:11:43,best-series,เขมจิราต้องรอด,4,1.3
2026-09-10T20:11:43.294773+07:00,2026-09-10 20:11:43,best-series,สิงสาลาตาย Goddess bless you from death,5,0.7
2026-09-10T21:11:05.737934+07:00,2026-09-10 21:11:05,best-actress,ซอนญ่า ศรัณย์ภัทร์ พีเดอร์เซน,1,42.7
2026-09-10T21:11:05.737934+07:00,2026-09-10 21:11:05,best-actress,เบคกี้ - รีเบคก้า แพทรีเซีย อาร์มสตรอง,2,38.7
2026-09-10T21:11:05.737934+07:00,2026-09-10 21:11:05,best-actress,เมเบิ้ล - สิริวลี สิริวิบูลย์,3,9.2
2026-09-10T21:11:05.737934+07:00,2026-09-10 21:11:05,best-actress,ฝ้าย - พีรญา มะลิซ้อน,4,5.5
2026-09-10T21:11:05.737934+07:00,2026-09-10 21:11:05,best-actress,จินนี่ - ณัฐณิชา ประทีปนาฏศิริ,5,2.3
2026-09-10T21:11:05.737934+07:00,2026-09-10 21:11:05,best-actress,หลิงหลิง - ศิริลักษณ์ คอง,6,1.6
2026-09-10T21:11:05.737934+07:00,2026-09-10 21:11:05,best-series,เสน่หาวาโย,1,44.8
2026-09-10T21:11:05.737934+07:00,2026-09-10 21:11:05,best-series,ด้วงกับเธอ Duang With You Series,2,37.4
2026-09-10T21:11:05.737934+07:00,2026-09-10 21:11:05,best-series,คุณแฟนบ้านนอก Hometown Romance,3,15.8
2026-09-10T21:11:05.737934+07:00,2026-09-10 21:11:05,best-series,เขมจิราต้องรอด,4,1.3
2026-09-10T21:11:05.737934+07:00,2026-09-10 21:11:05,best-series,สิงสาลาตาย Goddess bless you from death,5,0.7
2026-09-10T22:11:02.857220+07:00,2026-09-10 22:11:02,best-actress,ซอนญ่า ศรัณย์ภัทร์ พีเดอร์เซน,1,42.7
2026-09-10T22:11:02.857220+07:00,2026-09-10 22:11:02,best-actress,เบคกี้ - รีเบคก้า แพทรีเซีย อาร์มสตรอง,2,38.8
2026-09-10T22:11:02.857220+07:00,2026-09-10 22:11:02,best-actress,เมเบิ้ล - สิริวลี สิริวิบูลย์,3,9.2
2026-09-10T22:11:02.857220+07:00,2026-09-10 22:11:02,best-actress,ฝ้าย - พีรญา มะลิซ้อน,4,5.4
2026-09-10T22:11:02.857220+07:00,2026-09-10 22:11:02,best-actress,จินนี่ - ณัฐณิชา ประทีปนาฏศิริ,5,2.3
2026-09-10T22:11:02.857220+07:00,2026-09-10 22:11:02,best-actress,หลิงหลิง - ศิริลักษณ์ คอง,6,1.6
2026-09-10T22:11:02.857220+07:00,2026-09-10 22:11:02,best-series,เสน่หาวาโย,1,44.8
2026-09-10T22:11:02.857220+07:00,2026-09-10 22:11:02,best-series,ด้วงกับเธอ Duang With You Series,2,37.3
2026-09-10T22:11:02.857220+07:00,2026-09-10 22:11:02,best-series,คุณแฟนบ้านนอก Hometown Romance,3,15.9
2026-09-10T22:11:02.857220+07:00,2026-09-10 22:11:02,best-series,เขมจิราต้องรอด,4,1.3
2026-09-10T22:11:02.857220+07:00,2026-09-10 22:11:02,best-series,สิงสาลาตาย Goddess bless you from death,5,0.7
2026-09-10T23:11:25.098894+07:00,2026-09-10 23:11:25,best-actress,ซอนญ่า ศรัณย์ภัทร์ พีเดอร์เซน,1,42.8
2026-09-10T23:11:25.098894+07:00,2026-09-10 23:11:25,best-actress,เบคกี้ - รีเบคก้า แพทรีเซีย อาร์มสตรอง,2,38.7
2026-09-10T23:11:25.098894+07:00,2026-09-10 23:11:25,best-actress,เมเบิ้ล - สิริวลี สิริวิบูลย์,3,9.2
2026-09-10T23:11:25.098894+07:00,2026-09-10 23:11:25,best-actress,ฝ้าย - พีรญา มะลิซ้อน,4,5.4
2026-09-10T23:11:25.098894+07:00,2026-09-10 23:11:25,best-actress,จินนี่ - ณัฐณิชา ประทีปนาฏศิริ,5,2.3
2026-09-10T23:11:25.098894+07:00,2026-09-10 23:11:25,best-actress,หลิงหลิง - ศิริลักษณ์ คอง,6,1.6
2026-09-10T23:11:25.098894+07:00,2026-09-10 23:11:25,best-series,เสน่หาวาโย,1,45.2
2026-09-10T23:11:25.098894+07:00,2026-09-10 23:11:25,best-series,ด้วงกับเธอ Duang With You Series,2,37.0
2026-09-10T23:11:25.098894+07:00,2026-09-10 23:11:25,best-series,คุณแฟนบ้านนอก Hometown Romance,3,15.8
2026-09-10T23:11:25.098894+07:00,2026-09-10 23:11:25,best-series,เขมจิราต้องรอด,4,1.3
2026-09-10T23:11:25.098894+07:00,2026-09-10 23:11:25,best-series,สิงสาลาตาย Goddess bless you from death,5,0.7
2026-09-11T00:10:59.830670+07:00,2026-09-11 00:10:59,best-actress,ซอนญ่า ศรัณย์ภัทร์ พีเดอร์เซน,1,42.9
2026-09-11T00:10:59.830670+07:00,2026-09-11 00:10:59,best-actress,เบคกี้ - รีเบคก้า แพทรีเซีย อาร์มสตรอง,2,38.7
2026-09-11T00:10:59.830670+07:00,2026-09-11 00:10:59,best-actress,เมเบิ้ล - สิริวลี สิริวิบูลย์,3,9.1
2026-09-11T00:10:59.830670+07:00,2026-09-11 00:10:59,best-actress,ฝ้าย - พีรญา มะลิซ้อน,4,5.4
2026-09-11T00:10:59.830670+07:00,2026-09-11 00:10:59,best-actress,จินนี่ - ณัฐณิชา ประทีปนาฏศิริ,5,2.3
2026-09-11T00:10:59.830670+07:00,2026-09-11 00:10:59,best-actress,หลิงหลิง - ศิริลักษณ์ คอง,6,1.6
2026-09-11T00:10:59.830670+07:00,2026-09-11 00:10:59,best-series,เสน่หาวาโย,1,45.2
2026-09-11T00:10:59.830670+07:00,2026-09-11 00:10:59,best-series,ด้วงกับเธอ Duang With You Series,2,36.9
2026-09-11T00:10:59.830670+07:00,2026-09-11 00:10:59,best-series,คุณแฟนบ้านนอก Hometown Romance,3,15.9
2026-09-11T00:10:59.830670+07:00,2026-09-11 00:10:59,best-series,เขมจิราต้องรอด,4,1.3
2026-09-11T00:10:59.830670+07:00,2026-09-11 00:10:59,best-series,สิงสาลาตาย Goddess bless you from death,5,0.7
